{
    "AAPL mu": 0.3066409050180964,
    "AAPL std": 0.2673741995090334,
    "AAPL JB Stat": 0.815953591304816,
    "AAPL JB p-val": 0.6649943094024751,
    "GLD mu": 0.054610861821938424,
    "GLD std": 0.1602584718963194,
    "GLD JB Stat": 0.21021900215459158,
    "GLD JB p-val": 0.9002259414785938,
    "GOOGL mu": 0.2053646180607226,
    "GOOGL std": 0.2416165153672588,
    "GOOGL JB Stat": 1.465692568912317,
    "GOOGL JB p-val": 0.48053929022484354,
    "MBG.DE mu": 0.1662230378008452,
    "MBG.DE std": 0.31202617013464173,
    "MBG.DE JB Stat": 5.187776380492357,
    "MBG.DE JB p-val": 0.0747289142403053,
    "MSFT mu": 0.23220275579148686,
    "MSFT std": 0.21423740054392454,
    "MSFT JB Stat": 1.1654477490243178,
    "MSFT JB p-val": 0.5583753488715222,
    "Risk-free rate": 0.025,
    "Tangency Portfolio Weights": [
        -0.5210193668103698,
        0.5835996376828838,
        0.5256684078024454,
        0.33351812011083715,
        0.07823320121420446
    ],
    "Tickers": [
        "GLD",
        "MSFT",
        "AAPL",
        "GOOGL",
        "MBG.DE"
    ],
    "In-Sample CAPM Beta": 0.5610390763007014,
    "In-Sample CAPM Alpha": -0.0016918223857717517,
    "In-Sample Expected Systematic Return": 0.006051286855674201,
    "In-Sample Expected Idiosyncratic Return": -0.0016918223857717517,
    "In-Sample Expected Total Excess Return": 0.004359464469902448,
    "CAPM Analysis Result": 0.5,
    "Out-of-Sample CAPM Beta": 0.4080018538462653,
    "Out-of-Sample CAPM Alpha": 0.010628038667359976,
    "Out-of-Sample Expected Systematic Return": 0.0034016180982025454,
    "Out-of-Sample Expected Idiosyncratic Return": 0.010628038667359976,
    "Out-of-Sample Expected Total Excess Return": 0.014029656765562518,
    "Portfolio Expected Return (\u00b5)": 0.34974854552500967,
    "Portfolio Realised Return": 0.17044594146749414,
    "Portfolio Expected Volatility (\u03c3)": 0.38734108430376407,
    "Portfolio Realised Volatility": 0.208779670815947,
    "Portfolio Expected Sharpe Ratio": 0.8384045965811684,
    "Portfolio Realised Sharpe Ratio": 0.6966480064800672,
    "Portfolio Win Rate": 0.5833333333333334,
    "Portfolio Average Gain": 0.054689021834778716,
    "Portfolio Average Loss": -0.041661217879297226,
    "Portfolio Max Drawdown": -0.09557340888382104,
    "Overall Portfolio Total Gain": 0.33651729988894274,
    "Asset based Portfolio Total Return": 0.5823394417669747,
    "Portfolio split": 0.558936397720779
}